ObjectID,RevisitID,Reporter,OccStatus,Status,RevisitDate,DateEnt,DateUp,Location,Latitude,Longitude,Datum,CoordAcc,Abundance,InfestAcre,GrossAcre,PercentCov,Density,Quantity,QuantityU,APPXQuant,NumCollect,Incidence,Severity,ManageStat,PopStat,RecBasis,UUID,RecSrcTyp,VisitType,PlantTreat,TreatComm,Comments,ReviewDate,Reviewer,VerifyMthd,Verified,IDCred,ReviewComm
"11553131","11625194",Joy Bailey ,Detected,Positive,11-02-23,11-02-23,11-02-23,"Cook, Illinois, United States","  41.81141"," -87.63561",WGS84,"0",,,,,5-25%,,,,,,,Unknown,,Human Observation,,iPhone,,,,Dead,,,,Verified,,
"11553131","12247802",Tricia Bethke The Morton Arboretum,Detected,Positive,09-17-24,09-17-24,09-17-24,"Cook, Illinois, United States","  41.81141"," -87.63561",WGS84,"0",,,,,1-5%,,,,,,,Unknown,,Human Observation,,iPhone,,,,,,,,Verified,,
"11553133","11625220",keyon butler IGHA,Detected,Positive,11-02-23,11-02-23,11-02-23,"Cook, Illinois, United States","  41.81234"," -87.63554",WGS84,"0",,,,,25-50%,,,,,,,Unknown,,Human Observation,,iPhone,,,,Dont see many,,,,Verified,,
"11625213","12247801",Tricia Bethke The Morton Arboretum,Detected,Positive,09-17-24,09-17-24,09-17-24,"Cook, Illinois, United States","  41.81231"," -87.63480",WGS84,"0",,,,,1-5%,,,,,,,Unknown,,Human Observation,,iPhone,,,,,,,,Verified,,
"9616352","9624537",Brady O'Connell ,Undetected,Negative,12-09-21,12-10-21,12-10-21,"Logan, Illinois, United States","  40.14306"," -89.37210",WGS84,,,,,,,,,,,,,Not Found,,Human Observation,,iPhone,,,,,,,,Not Verified,,
"8158944","9374023",Peter Jentsch Hudson Valley Research Lab,Detected,Positive,05-08-19,05-08-19,05-08-19,"Berks, Pennsylvania, United States","  40.41492"," -75.68726",WGS84,,,0,,,,,,,,,,,,,,Unknown,Monitoring,,,Trial study to determine the efficacy of insecticide injection of Dinotefuran to eradicate SLF on forested homeowner property.,,,,Not Verified,,
